<?xml version="1.0" encoding="utf-8" ?>
<dwsync>
<file name="app.php" server="supercontador.com.br/supercontador/" local="131156930004380152" remote="131156921400000000" Dst="1" />
<file name="broadcasting.php" server="supercontador.com.br/supercontador/" local="131156930004600169" remote="131062212600000000" Dst="1" />
<file name="auth.php" server="supercontador.com.br/supercontador/" local="131156930005250214" remote="131062212600000000" Dst="1" />
<file name="compile.php" server="supercontador.com.br/supercontador/" local="131156930010130480" remote="131062212600000000" Dst="1" />
<file name="cache.php" server="supercontador.com.br/supercontador/" local="131156930010250487" remote="131062212600000000" Dst="1" />
<file name="database.php" server="supercontador.com.br/supercontador/" local="131156930011950601" remote="131062212600000000" Dst="1" />
<file name="filesystems.php" server="supercontador.com.br/supercontador/" local="131156930015900830" remote="131062212600000000" Dst="1" />
<file name="mail.php" server="supercontador.com.br/supercontador/" local="131156930016030837" remote="131062212600000000" Dst="1" />
<file name="queue.php" server="supercontador.com.br/supercontador/" local="131156930019251003" remote="131062212600000000" Dst="1" />
<file name="services.php" server="supercontador.com.br/supercontador/" local="131156930021611143" remote="131062212600000000" Dst="1" />
<file name="session.php" server="supercontador.com.br/supercontador/" local="131156930022111185" remote="131062212600000000" Dst="1" />
<file name="view.php" server="supercontador.com.br/supercontador/" local="131156930025054797" remote="131062212600000000" Dst="1" />
</dwsync>